job_name,module_name,task_name,module_number,main_module_name
GatherSampleEvidence_CollectCounts,GatherSampleEvidence,CollectCounts,1,GatherSampleEvidence
Manta_RunManta,Manta,RunManta,1,GatherSampleEvidence
PESRCollection_RunPESRCollection,PESRCollection,RunPESRCollection,1,GatherSampleEvidence
Whamg_RunWhamgIncludelist,Whamg,RunWhamgIncludelist,1,GatherSampleEvidence
MELT_GetMultipleMetrics,MELT,GetMultipleMetrics,1,GatherSampleEvidence
MELT_FilterHighCoverageIntervals,MELT,FilterHighCoverageIntervals,1,GatherSampleEvidence
MELT_GetWgsMetrics,MELT,GetWgsMetrics,1,GatherSampleEvidence
MELT_RunMELT,MELT,RunMELT,1,GatherSampleEvidence
GatherSampleEvidenceMetrics_Melt_Std,GatherSampleEvidenceMetrics,Melt_Std,1,GatherSampleEvidence
GatherSampleEvidenceMetrics_Melt_Metrics,GatherSampleEvidenceMetrics,Melt_Metrics,1,GatherSampleEvidence
GatherSampleEvidenceMetrics_Manta_Std,GatherSampleEvidenceMetrics,Manta_Std,1,GatherSampleEvidence
GatherSampleEvidenceMetrics_PEMetrics,GatherSampleEvidenceMetrics,PEMetrics,1,GatherSampleEvidence
GatherSampleEvidenceMetrics_SRMetrics,GatherSampleEvidenceMetrics,SRMetrics,1,GatherSampleEvidence
GatherSampleEvidenceMetrics_Wham_Std,GatherSampleEvidenceMetrics,Wham_Std,1,GatherSampleEvidence
GatherSampleEvidenceMetrics_CountsMetrics,GatherSampleEvidenceMetrics,CountsMetrics,1,GatherSampleEvidence
GatherSampleEvidenceMetrics_Wham_Metrics,GatherSampleEvidenceMetrics,Wham_Metrics,1,GatherSampleEvidence
GatherSampleEvidenceMetrics_Manta_Metrics,GatherSampleEvidenceMetrics,Manta_Metrics,1,GatherSampleEvidence
GatherSampleEvidenceBatch_CatMetrics,GatherSampleEvidenceBatch,CatMetrics,1,GatherSampleEvidence
MakeBincovMatrix_SetBins,MakeBincovMatrix,SetBins,2,EvidenceQC
MakeBincovMatrix_MakeBincovMatrixColumns,MakeBincovMatrix,MakeBincovMatrixColumns,2,EvidenceQC
MakeBincovMatrix_ZPaste,MakeBincovMatrix,ZPaste,2,EvidenceQC
WGD_BuildWGDMatrix,WGD,BuildWGDMatrix,2,EvidenceQC
MedianCov_CalcMedCov,MedianCov,CalcMedCov,2,EvidenceQC
WGD_WGDScore,WGD,WGDScore,2,EvidenceQC
GatherBatchEvidence_CondenseReadCounts,TrainGCNV,CondenseReadCounts,3,GatherBatchEvidence
GatherBatchEvidence_SubsetPedFile,GatherBatchEvidence,SubsetPedFile,4,TrainGCNV
EvidenceMerging_SetSampleIdSR,EvidenceMerging,SetSampleIdSR,4,TrainGCNV
EvidenceMerging_SetSampleIdPE,EvidenceMerging,SetSampleIdPE,4,TrainGCNV
PreprocessPESR_StandardizeVCFs,PreprocessPESR,StandardizeVCFs,4,TrainGCNV
CNMOPS_NormalR1,CNMOPS,NormalR1,4,TrainGCNV
CNMOPS_MaleR1,CNMOPS,MaleR1,4,TrainGCNV
CNMOPS_NormalR2,CNMOPS,NormalR2,4,TrainGCNV
CNMOPS_FemaleR2,CNMOPS,FemaleR2,4,TrainGCNV
CNMOPS_FemaleR1,CNMOPS,FemaleR1,4,TrainGCNV
CNMOPS_MaleR2,CNMOPS,MaleR2,4,TrainGCNV
CNMOPS_GetPed,CNMOPS,GetPed,4,TrainGCNV
EvidenceMerging_MergePEFilesByContig,EvidenceMerging,MergePEFilesByContig,4,TrainGCNV
EvidenceMerging_MergeSRFilesByContig,EvidenceMerging,MergeSRFilesByContig,4,TrainGCNV
BAFFromGVCFs_ImportGVCFs,BAFFromGVCFs,ImportGVCFs,4,TrainGCNV
BAFFromGVCFs_DynamicallyCombineIntervals,BAFFromGVCFs,DynamicallyCombineIntervals,4,TrainGCNV
CNVGermlineCaseWorkflow_DetermineGermlineContigPloidyCaseMode,CNVGermlineCaseWorkflow,DetermineGermlineContigPloidyCaseMode,4,TrainGCNV
TinyResolve_ResolveManta,TinyResolve,ResolveManta,4,TrainGCNV
EvidenceMerging_MergeSRShards,EvidenceMerging,MergeSRShards,4,TrainGCNV
EvidenceMerging_MergePEShards,EvidenceMerging,MergePEShards,4,TrainGCNV
BAFFromGVCFs_GenotypeGVCFs,BAFFromGVCFs,GenotypeGVCFs,4,TrainGCNV
CNVGermlineCaseWorkflow_GermlineCNVCallerCaseMode,CNVGermlineCaseWorkflow,GermlineCNVCallerCaseMode,4,TrainGCNV
CNMOPS_CleanCNMops,CNMOPS,CleanCNMops,4,TrainGCNV
CNVGermlineCaseWorkflow_ExplodePloidyCalls,CNVGermlineCaseWorkflow,ExplodePloidyCalls,4,TrainGCNV
BAFFromGVCFs_GenerateBAF,BAFFromGVCFs,GenerateBAF,4,TrainGCNV
CNVGermlineCaseWorkflow_PostprocessGermlineCNVCalls,CNVGermlineCaseWorkflow,PostprocessGermlineCNVCalls,4,TrainGCNV
MergeDepth_GcnvVcfToBed,MergeDepth,GcnvVcfToBed,4,TrainGCNV
MergeDepth_MergeSample_del,MergeDepth,MergeSample_del,4,TrainGCNV
MergeDepth_MergeSample_dup,MergeDepth,MergeSample_dup,4,TrainGCNV
MergeDepth_MergeSet_dup,MergeDepth,MergeSet_dup,4,TrainGCNV
MergeDepth_MergeSet_del,MergeDepth,MergeSet_del,4,TrainGCNV
BAFFromGVCFs_MergeEvidenceFiles,BAFFromGVCFs,MergeEvidenceFiles,4,TrainGCNV
GatherBatchEvidenceMetrics_Wham_Std_Metrics,GatherBatchEvidenceMetrics,Wham_Std_Metrics,4,TrainGCNV
GatherBatchEvidenceMetrics_Melt_Std_Metrics,GatherBatchEvidenceMetrics,Melt_Std_Metrics,4,TrainGCNV
GatherBatchEvidenceMetrics_BincovMetrics,GatherBatchEvidenceMetrics,BincovMetrics,4,TrainGCNV
GatherBatchEvidenceMetrics_MergedDel,GatherBatchEvidenceMetrics,MergedDel,4,TrainGCNV
GatherBatchEvidenceMetrics_Manta_Std_Metrics,GatherBatchEvidenceMetrics,Manta_Std_Metrics,4,TrainGCNV
GatherBatchEvidenceMetrics_MergedDup,GatherBatchEvidenceMetrics,MergedDup,4,TrainGCNV
GatherBatchEvidenceMetrics_MedcovMetrics,GatherBatchEvidenceMetrics,MedcovMetrics,4,TrainGCNV
GatherBatchEvidenceMetrics_PEMetrics,GatherBatchEvidenceMetrics,PEMetrics,4,TrainGCNV
GatherBatchEvidenceMetrics_BAFMetrics,GatherBatchEvidenceMetrics,BAFMetrics,4,TrainGCNV
GatherBatchEvidenceMetrics_SRMetrics,GatherBatchEvidenceMetrics,SRMetrics,4,TrainGCNV
MatrixQC_BAF_QC,MatrixQC,BAF_QC,4,TrainGCNV
MatrixQC_RD_QC,MatrixQC,RD_QC,4,TrainGCNV
MatrixQC_SR_QC,MatrixQC,SR_QC,4,TrainGCNV
MatrixQC_PE_QC,MatrixQC,PE_QC,4,TrainGCNV
MatrixQC_PlotMatrixQC,MatrixQC,PlotMatrixQC,4,TrainGCNV
GatherBatchEvidenceMetrics_CatMetrics,GatherBatchEvidenceMetrics,CatMetrics,4,TrainGCNV
ClusterDepth_BedCluster_dup,ClusterDepth,BedCluster_dup,5,ClusterBatch
ClusterDepth_BedCluster_del,ClusterDepth,BedCluster_del,5,ClusterBatch
ClusterPESR_VCFCluster,ClusterPESR,VCFCluster,5,ClusterBatch
ClusterDepth_ConcatBeds_del,ClusterDepth,ConcatBeds_del,5,ClusterBatch
ClusterDepth_ConcatBeds_dup,ClusterDepth,ConcatBeds_dup,5,ClusterBatch
ClusterDepth_MakeRDTestBed,ClusterDepth,MakeRDTestBed,5,ClusterBatch
ClusterDepth_MakeDepthVCF,ClusterDepth,MakeDepthVCF,5,ClusterBatch
ClusterPESR_ConcatVCFs,ClusterPESR,ConcatVCFs,5,ClusterBatch
ClusterBatchMetrics_GetSampleIdsFromVcf,ClusterBatchMetrics,GetSampleIdsFromVcf,5,ClusterBatch
ClusterBatchMetrics_depth_metrics,ClusterBatchMetrics,depth_metrics,5,ClusterBatch
ClusterBatchMetrics_wham_metrics,ClusterBatchMetrics,wham_metrics,5,ClusterBatch
ClusterBatchMetrics_manta_metrics,ClusterBatchMetrics,manta_metrics,5,ClusterBatch
ClusterBatchMetrics_melt_metrics,ClusterBatchMetrics,melt_metrics,5,ClusterBatch
ClusterBatchMetrics_CatMetrics,ClusterBatchMetrics,CatMetrics,5,ClusterBatch
GenerateBatchMetrics_GetSampleIdsFromVcf,GenerateBatchMetrics,GetSampleIdsFromVcf,6,GenerateBatchMetrics
GenerateBatchMetrics_SubsetPedFile,GenerateBatchMetrics,SubsetPedFile,6,GenerateBatchMetrics
GenerateBatchMetrics_GetCommonVCF,GenerateBatchMetrics,GetCommonVCF,6,GenerateBatchMetrics
BAFTestChromosome_SplitBafVcf,BAFTestChromosome,SplitBafVcf,6,GenerateBatchMetrics
BAFTestChromosome_BAFTest,BAFTestChromosome,BAFTest,6,GenerateBatchMetrics
GenerateBatchMetrics_AggregateTestsCommon,GenerateBatchMetrics,AggregateTestsCommon,6,GenerateBatchMetrics
GenerateBatchMetrics_GetSampleLists,GenerateBatchMetrics,GetSampleLists,6,GenerateBatchMetrics
GenerateBatchMetrics_GetMaleOnlyVariantIDs,GenerateBatchMetrics,GetMaleOnlyVariantIDs,6,GenerateBatchMetrics
RDTestChromosome_SplitRDVcf,RDTestChromosome,SplitRDVcf,6,GenerateBatchMetrics
PETestChromosome_SplitVCF,PETestChromosome,SplitVCF,6,GenerateBatchMetrics
SRTestChromosome_SplitVCF,SRTestChromosome,SplitVCF,6,GenerateBatchMetrics
PETestChromosome_GetCommonVCF,PETestChromosome,GetCommonVCF,6,GenerateBatchMetrics
SRTestChromosome_GetCommonVCF,SRTestChromosome,GetCommonVCF,6,GenerateBatchMetrics
BAFTestChromosome_MergeBAFSplits,BAFTestChromosome,MergeBAFSplits,6,GenerateBatchMetrics
SRTestChromosome_SRTestAutosome,SRTestChromosome,SRTestAutosome,6,GenerateBatchMetrics
RDTestChromosome_RDTestAutosome,RDTestChromosome,RDTestAutosome,6,GenerateBatchMetrics
PETestChromosome_PETestAutosome,PETestChromosome,PETestAutosome,6,GenerateBatchMetrics
SRTestChromosome_SRTestMale,SRTestChromosome,SRTestMale,6,GenerateBatchMetrics
SRTestChromosome_SRTestFemale,SRTestChromosome,SRTestFemale,6,GenerateBatchMetrics
RDTestChromosome_RDTestFemale,RDTestChromosome,RDTestFemale,6,GenerateBatchMetrics
RDTestChromosome_RDTestMale,RDTestChromosome,RDTestMale,6,GenerateBatchMetrics
PETestChromosome_PETestFemale,PETestChromosome,PETestFemale,6,GenerateBatchMetrics
PETestChromosome_PETestMale,PETestChromosome,PETestMale,6,GenerateBatchMetrics
SRTestChromosome_SplitCommonVCF,SRTestChromosome,SplitCommonVCF,6,GenerateBatchMetrics
PETestChromosome_SplitCommonVCF,PETestChromosome,SplitCommonVCF,6,GenerateBatchMetrics
SRTestChromosome_SRTestAutosomeCommon,SRTestChromosome,SRTestAutosomeCommon,6,GenerateBatchMetrics
PETestChromosome_PETestAutosomeCommon,PETestChromosome,PETestAutosomeCommon,6,GenerateBatchMetrics
PETestChromosome_MergeStats,PETestChromosome,MergeStats,6,GenerateBatchMetrics
PETestChromosome_MergeAllosomes,PETestChromosome,MergeAllosomes,6,GenerateBatchMetrics
RDTestChromosome_MergeAllosomes,RDTestChromosome,MergeAllosomes,6,GenerateBatchMetrics
RDTestChromosome_MergeStats,RDTestChromosome,MergeStats,6,GenerateBatchMetrics
PETestChromosome_MergeStatsCommon,PETestChromosome,MergeStatsCommon,6,GenerateBatchMetrics
SRTestChromosome_MergeAllosomes,SRTestChromosome,MergeAllosomes,6,GenerateBatchMetrics
SRTestChromosome_MergeStats,SRTestChromosome,MergeStats,6,GenerateBatchMetrics
SRTestChromosome_MergeStatsCommon,SRTestChromosome,MergeStatsCommon,6,GenerateBatchMetrics
RDTest_MergeStats,RDTest,MergeStats,6,GenerateBatchMetrics
BAFTest_MergeStats,BAFTest,MergeStats,6,GenerateBatchMetrics
GenerateBatchMetrics_AggregateTests,GenerateBatchMetrics,AggregateTests,6,GenerateBatchMetrics
PETest_MergeStatsCommon,PETest,MergeStatsCommon,6,GenerateBatchMetrics
PETest_MergeStats,PETest,MergeStats,6,GenerateBatchMetrics
SRTest_MergeStatsCommon,SRTest,MergeStatsCommon,6,GenerateBatchMetrics
SRTest_MergeStats,SRTest,MergeStats,6,GenerateBatchMetrics
GenerateBatchMetrics_AggregateCallersCommon,GenerateBatchMetrics,AggregateCallersCommon,6,GenerateBatchMetrics
GenerateBatchMetrics_AggregateCallers,GenerateBatchMetrics,AggregateCallers,6,GenerateBatchMetrics
GenerateBatchMetricsMetrics_CommonMetricsFileMetrics,GenerateBatchMetricsMetrics,CommonMetricsFileMetrics,6,GenerateBatchMetrics
GenerateBatchMetricsMetrics_MetricsFileMetrics,GenerateBatchMetricsMetrics,MetricsFileMetrics,6,GenerateBatchMetrics
GenerateBatchMetricsMetrics_CatMetrics,GenerateBatchMetricsMetrics,CatMetrics,6,GenerateBatchMetrics
FilterBatchSites_AdjudicateSV,FilterBatchSites,AdjudicateSV,7,FilterBatch
FilterBatch_GetSampleIdsFromVcf,FilterBatch,GetSampleIdsFromVcf,7,FilterBatch
FilterBatchSites_RewriteScores,FilterBatchSites,RewriteScores,7,FilterBatch
FilterBatchSites_FilterAnnotateVcf,FilterBatchSites,FilterAnnotateVcf,7,FilterBatch
FilterBatchSamples_GetSampleIdsFromVcf,FilterBatchSamples,GetSampleIdsFromVcf,7,FilterBatch
IdentifyOutlierSamples_CountSVsPerSamplePerType,IdentifyOutlierSamples,CountSVsPerSamplePerType,7,FilterBatch
PlotSVCountsPerSample_CountSVsPerSamplePerType,PlotSVCountsPerSample,CountSVsPerSamplePerType,7,FilterBatch
IdentifyOutlierSamples_IdentifyOutliersByCutoffTable,IdentifyOutlierSamples,IdentifyOutliersByCutoffTable,7,FilterBatch
IdentifyOutlierSamples_IdentifyOutliersByIQR,IdentifyOutlierSamples,IdentifyOutliersByIQR,7,FilterBatch
PlotSVCountsPerSample_PlotSVCountsWithCutoff,PlotSVCountsPerSample,PlotSVCountsWithCutoff,7,FilterBatch
FilterBatchSamples_ExcludeOutliers,FilterBatchSamples,ExcludeOutliers,7,FilterBatch
PlotSVCountsPerSample_CatOutliersPreview,PlotSVCountsPerSample,CatOutliersPreview,7,FilterBatch
FilterBatchSamples_MergePesrVcfs,FilterBatchSamples,MergePesrVcfs,7,FilterBatch
FilterBatchMetrics_SubsetPedFile,FilterBatchMetrics,SubsetPedFile,7,FilterBatch
FilterBatchMetrics_CutoffAndOutlierMetrics,FilterBatchMetrics,CutoffAndOutlierMetrics,7,FilterBatch
FilterBatchMetrics_Depth_VCF_Metrics,FilterBatchMetrics,Depth_VCF_Metrics,7,FilterBatch
FilterBatchMetrics_PESR_VCF_Metrics,FilterBatchMetrics,PESR_VCF_Metrics,7,FilterBatch
FilterBatchMetrics_CatMetrics,FilterBatchMetrics,CatMetrics,7,FilterBatch
IdentifyOutlierSamples_CatOutliers,IdentifyOutlierSamples,CatOutliers,7,FilterBatch
FilterBatchSamples_CatOutliers,FilterBatchSamples,CatOutliers,7,FilterBatch
FilterBatchSamples_FilterSampleList,FilterBatchSamples,FilterSampleList,7,FilterBatch
GenotypeBatch_AddBatchSamplesPESR,GenotypeBatch,AddBatchSamplesPESR,8,GenotypeBatch
GenotypeBatch_AddBatchSamplesDepth,GenotypeBatch,AddBatchSamplesDepth,8,GenotypeBatch
GenotypeBatch_GetSampleIdsFromVcf,GenotypeBatch,GetSampleIdsFromVcf,8,GenotypeBatch
GenotypeBatch_SubsetPedFile,GenotypeBatch,SubsetPedFile,8,GenotypeBatch
TrainRDGenotyping_SplitVariants,TrainRDGenotyping,SplitVariants,8,GenotypeBatch
TrainRDGenotyping_MakeTrainingBed,TrainRDGenotyping,MakeTrainingBed,8,GenotypeBatch
TrainRDGenotyping_GenotypeTrain,TrainRDGenotyping,GenotypeTrain,8,GenotypeBatch
TrainRDGenotyping_GenerateCutoff,TrainRDGenotyping,GenerateCutoff,8,GenotypeBatch
TrainRDGenotyping_UpdateCutoff,TrainRDGenotyping,UpdateCutoff,8,GenotypeBatch
TrainRDGenotyping_GenotypeOver5kb,TrainRDGenotyping,GenotypeOver5kb,8,GenotypeBatch
TrainRDGenotyping_GenotypePESR,TrainRDGenotyping,GenotypePESR,8,GenotypeBatch
TrainRDGenotyping_MergeGenotypeResults,TrainRDGenotyping,MergeGenotypeResults,8,GenotypeBatch
TrainPEGenotyping_SplitVcf,TrainPEGenotyping,SplitVcf,8,GenotypeBatch
TrainPEGenotyping_VcfToBed,TrainPEGenotyping,VcfToBed,8,GenotypeBatch
TrainPEGenotyping_CountPE,TrainPEGenotyping,CountPE,8,GenotypeBatch
GenotypeDepthPart2_SplitVariants,GenotypeDepthPart2,SplitVariants,8,GenotypeBatch
GenotypeDepthPart2_MakeSubsetVcfUnder5kb,GenotypeDepthPart2,MakeSubsetVcfUnder5kb,8,GenotypeBatch
GenotypeDepthPart2_MakeSubsetVcfOver5kb,GenotypeDepthPart2,MakeSubsetVcfOver5kb,8,GenotypeBatch
GenotypeDepthPart2_RDTestGenotypeOver5kb,GenotypeDepthPart2,RDTestGenotypeOver5kb,8,GenotypeBatch
GenotypeDepthPart2_RDTestGenotypeUnder5kb,GenotypeDepthPart2,RDTestGenotypeUnder5kb,8,GenotypeBatch
GenotypeDepthPart2_IntegrateDepthGqUnder5kb,GenotypeDepthPart2,IntegrateDepthGqUnder5kb,8,GenotypeBatch
GenotypeDepthPart2_AddGenotypesUnder5kb,GenotypeDepthPart2,AddGenotypesUnder5kb,8,GenotypeBatch
GenotypeDepthPart2_IntegrateDepthGqOver5kb,GenotypeDepthPart2,IntegrateDepthGqOver5kb,8,GenotypeBatch
GenotypeDepthPart2_AddGenotypesOver5kb,GenotypeDepthPart2,AddGenotypesOver5kb,8,GenotypeBatch
TrainPEGenotyping_MergePECounts,TrainPEGenotyping,MergePECounts,8,GenotypeBatch
TrainPEGenotyping_GenotypePEPart1,TrainPEGenotyping,GenotypePEPart1,8,GenotypeBatch
TrainSRGenotyping_SplitVcf,TrainSRGenotyping,SplitVcf,8,GenotypeBatch
TrainSRGenotyping_CountSR,TrainSRGenotyping,CountSR,8,GenotypeBatch
TrainSRGenotyping_MergeSRCounts,TrainSRGenotyping,MergeSRCounts,8,GenotypeBatch
GenotypeDepthPart2_MergeRegenoCoverageMedians,GenotypeDepthPart2,MergeRegenoCoverageMedians,8,GenotypeBatch
TrainSRGenotyping_GenotypeSRPart1,TrainSRGenotyping,GenotypeSRPart1,8,GenotypeBatch
GenotypeDepthPart2_ConcatGenotypedVcfs,GenotypeDepthPart2,ConcatGenotypedVcfs,8,GenotypeBatch
GenotypePESRPart2_SplitVariants,GenotypePESRPart2,SplitVariants,8,GenotypeBatch
GenotypePESRPart2_MakeSubsetVcfUnder5kb,GenotypePESRPart2,MakeSubsetVcfUnder5kb,8,GenotypeBatch
GenotypePESRPart2_MakeSubsetVcfOver5kb,GenotypePESRPart2,MakeSubsetVcfOver5kb,8,GenotypeBatch
GenotypePESRPart2_MakeSubsetVcfBca,GenotypePESRPart2,MakeSubsetVcfBca,8,GenotypeBatch
GenotypePESRPart2_RDTestGenotypeUnder5kb,GenotypePESRPart2,RDTestGenotypeUnder5kb,8,GenotypeBatch
GenotypePESRPart2_RDTestGenotypeOver5kb,GenotypePESRPart2,RDTestGenotypeOver5kb,8,GenotypeBatch
GenotypePESRPart2_CountPEUnder5kb,GenotypePESRPart2,CountPEUnder5kb,8,GenotypeBatch
GenotypePESRPart2_CountPEBca,GenotypePESRPart2,CountPEBca,8,GenotypeBatch
GenotypePESRPart2_CountSRBca,GenotypePESRPart2,CountSRBca,8,GenotypeBatch
GenotypePESRPart2_CountSRUnder5kb,GenotypePESRPart2,CountSRUnder5kb,8,GenotypeBatch
GenotypePESRPart2_CountSROver5kb,GenotypePESRPart2,CountSROver5kb,8,GenotypeBatch
GenotypePESRPart2_CountPEOver5kb,GenotypePESRPart2,CountPEOver5kb,8,GenotypeBatch
GenotypePESRPart2_GenotypePEPart2Under5kb,GenotypePESRPart2,GenotypePEPart2Under5kb,8,GenotypeBatch
GenotypePESRPart2_GenotypeSRPart2Over5kb,GenotypePESRPart2,GenotypeSRPart2Over5kb,8,GenotypeBatch
GenotypePESRPart2_GenotypePEPart2Bca,GenotypePESRPart2,GenotypePEPart2Bca,8,GenotypeBatch
GenotypePESRPart2_GenotypePEPart2Over5kb,GenotypePESRPart2,GenotypePEPart2Over5kb,8,GenotypeBatch
GenotypePESRPart2_GenotypeSRPart2Under5kb,GenotypePESRPart2,GenotypeSRPart2Under5kb,8,GenotypeBatch
GenotypePESRPart2_IntegrateGQOver5kb,GenotypePESRPart2,IntegrateGQOver5kb,8,GenotypeBatch
GenotypePESRPart2_AddGenotypesOver5kb,GenotypePESRPart2,AddGenotypesOver5kb,8,GenotypeBatch
GenotypePESRPart2_GenotypeSRPart2Bca,GenotypePESRPart2,GenotypeSRPart2Bca,8,GenotypeBatch
GenotypePESRPart2_IntegratePesrGQBca,GenotypePESRPart2,IntegratePesrGQBca,8,GenotypeBatch
GenotypePESRPart2_AddGenotypesBca,GenotypePESRPart2,AddGenotypesBca,8,GenotypeBatch
GenotypePESRPart2_IntegrateGQUnder5kb,GenotypePESRPart2,IntegrateGQUnder5kb,8,GenotypeBatch
GenotypePESRPart2_AddGenotypesUnder5kb,GenotypePESRPart2,AddGenotypesUnder5kb,8,GenotypeBatch
GenotypePESRPart2_TripleStreamCatFail,GenotypePESRPart2,TripleStreamCatFail,8,GenotypeBatch
GenotypePESRPart2_TripleStreamCatPass,GenotypePESRPart2,TripleStreamCatPass,8,GenotypeBatch
GenotypePESRPart2_ConcatGenotypedVcfs,GenotypePESRPart2,ConcatGenotypedVcfs,8,GenotypeBatch
GenotypeBatchMetrics_Bothside_Pass,GenotypeBatchMetrics,Bothside_Pass,8,GenotypeBatch
GenotypeBatchMetrics_Background_Fail,GenotypeBatchMetrics,Background_Fail,8,GenotypeBatch
GenotypeBatchMetrics_Cutoff_Depth_PESR,GenotypeBatchMetrics,Cutoff_Depth_PESR,8,GenotypeBatch
GenotypeBatchMetrics_Cutoff_PESR_PESR,GenotypeBatchMetrics,Cutoff_PESR_PESR,8,GenotypeBatch
GenotypeBatchMetrics_Cutoff_Depth_Depth,GenotypeBatchMetrics,Cutoff_Depth_Depth,8,GenotypeBatch
GenotypeBatchMetrics_PESR_VCF_Metrics,GenotypeBatchMetrics,PESR_VCF_Metrics,8,GenotypeBatch
GenotypeBatchMetrics_Cutoff_PESR_Depth,GenotypeBatchMetrics,Cutoff_PESR_Depth,8,GenotypeBatch
GenotypeBatchMetrics_Depth_VCF_Metrics,GenotypeBatchMetrics,Depth_VCF_Metrics,8,GenotypeBatch
GenotypeBatchMetrics_CatMetrics,GenotypeBatchMetrics,CatMetrics,8,GenotypeBatch
RegenotypeCNVs_GetSampleIdsFromVcf,RegenotypeCNVs,GetSampleIdsFromVcf,9,RegenotypeCNVs
RegenotypeCNVs_GetAndCountCohortSampleList,RegenotypeCNVs,GetAndCountCohortSampleList,9,RegenotypeCNVs
RegenotypeCNVs_MakeRawCombinedBed,RegenotypeCNVs,MakeRawCombinedBed,9,RegenotypeCNVs
RegenotypeCNVs_GetMedianSubset,RegenotypeCNVs,GetMedianSubset,9,RegenotypeCNVs
RegenotypeCNVs_ClusterMergedDepthBeds,RegenotypeCNVs,ClusterMergedDepthBeds,9,RegenotypeCNVs
RegenotypeCNVs_MakeMergedDepthBeds,RegenotypeCNVs,MakeMergedDepthBeds,9,RegenotypeCNVs
RegenotypeCNVs_MakeSampleLookupBeds,RegenotypeCNVs,MakeSampleLookupBeds,9,RegenotypeCNVs
RegenotypeCNVs_ConcatSampleIdLookupBed,RegenotypeCNVs,ConcatSampleIdLookupBed,9,RegenotypeCNVs
RegenotypeCNVs_ConcatSampleCountLookupBed,RegenotypeCNVs,ConcatSampleCountLookupBed,9,RegenotypeCNVs
RegenotypeCNVs_GetRegenotype,RegenotypeCNVs,GetRegenotype,9,RegenotypeCNVs
RegenotypeCNVs_MedianIntersect,RegenotypeCNVs,MedianIntersect,9,RegenotypeCNVs
RegenotypeCNVs_MergeList,RegenotypeCNVs,MergeList,9,RegenotypeCNVs
RegenotypeCNVs_SubsetPedFile,RegenotypeCNVs,SubsetPedFile,9,RegenotypeCNVs
Regenotype_AddBatchSamplesDepth,Regenotype,AddBatchSamplesDepth,9,RegenotypeCNVs
Regenotype_GetRegenotype,Regenotype,GetRegenotype,9,RegenotypeCNVs
Regenotype_SplitBeds_regeno,Regenotype,SplitBeds_regeno,9,RegenotypeCNVs
Regenotype_make_subset_vcf_regeno,Regenotype,make_subset_vcf_regeno,9,RegenotypeCNVs
Regenotype_RdTestGenotypeRegeno,Regenotype,RdTestGenotypeRegeno,9,RegenotypeCNVs
Regenotype_IntegrateGQRegeno,Regenotype,IntegrateGQRegeno,9,RegenotypeCNVs
Regenotype_AddGenotypesRegeno,Regenotype,AddGenotypesRegeno,9,RegenotypeCNVs
Regenotype_ConcatRegenotypedVcfs,Regenotype,ConcatRegenotypedVcfs,9,RegenotypeCNVs
CombineReassess_Vcf2Bed,CombineReassess,Vcf2Bed,9,RegenotypeCNVs
CombineReassess_MergeList,CombineReassess,MergeList,9,RegenotypeCNVs
RegenotypeCNVs_ConcatRegenotypedVcfs,RegenotypeCNVs,ConcatRegenotypedVcfs,9,RegenotypeCNVs
CombineBatches_CleanBackgroundFail,CombineBatches,CleanBackgroundFail,10,MakeCohortVcf
CombineBatches_CleanBothsidePass,CombineBatches,CleanBothsidePass,10,MakeCohortVcf
VcfClusterSingleChrom_LocalizeContigVcfs,VcfClusterSingleChrom,LocalizeContigVcfs,10,MakeCohortVcf
VcfClusterSingleChrom_JoinVcfs,VcfClusterSingleChrom,JoinVcfs,10,MakeCohortVcf
VcfClusterSingleChrom_FixMultiallelicRecords,VcfClusterSingleChrom,FixMultiallelicRecords,10,MakeCohortVcf
VcfClusterSingleChrom_FixEvidenceTags,VcfClusterSingleChrom,FixEvidenceTags,10,MakeCohortVcf
VcfClusterSingleChrom_ConcatVcfs,VcfClusterSingleChrom,ConcatVcfs,10,MakeCohortVcf
ClusterSingleChrom_SubsetSvType,ClusterSingleChrom,SubsetSvType,10,MakeCohortVcf
VcfClusterSingleChrom_SubsetBackgroundFail,VcfClusterSingleChrom,SubsetBackgroundFail,10,MakeCohortVcf
VcfClusterSingleChrom_SubsetBothsidePass,VcfClusterSingleChrom,SubsetBothsidePass,10,MakeCohortVcf
ShardedCluster_CountSamples,ShardedCluster,CountSamples,10,MakeCohortVcf
ShardedCluster_ShardClusters,ShardedCluster,ShardClusters,10,MakeCohortVcf
ShardedCluster_ShardVids,ShardedCluster,ShardVids,10,MakeCohortVcf
ShardedCluster_PullVcfShard,ShardedCluster,PullVcfShard,10,MakeCohortVcf
ShardedCluster_SvtkVcfCluster,ShardedCluster,SvtkVcfCluster,10,MakeCohortVcf
ShardedCluster_SortVcf,ShardedCluster,SortVcf,10,MakeCohortVcf
ShardedCluster_ConcatVcfs,ShardedCluster,ConcatVcfs,10,MakeCohortVcf
ClusterSingleChrom_RenameVariants,ClusterSingleChrom,RenameVariants,10,MakeCohortVcf
ClusterSingleChrom_ConcatSvTypes,ClusterSingleChrom,ConcatSvTypes,10,MakeCohortVcf
CombineBatches_UpdateBackgroundFailFirst,CombineBatches,UpdateBackgroundFailFirst,10,MakeCohortVcf
CombineBatches_UpdateBothsidePassFirst,CombineBatches,UpdateBothsidePassFirst,10,MakeCohortVcf
CombineBatches_ConcatPesrDepth,CombineBatches,ConcatPesrDepth,10,MakeCohortVcf
CombineBatches_MergePesrDepth,CombineBatches,MergePesrDepth,10,MakeCohortVcf
CombineBatches_SortMergePesrDepth,CombineBatches,SortMergePesrDepth,10,MakeCohortVcf
CombineBatches_UpdateBothsidePassSecond,CombineBatches,UpdateBothsidePassSecond,10,MakeCohortVcf
CombineBatches_UpdateBackgroundFailSecond,CombineBatches,UpdateBackgroundFailSecond,10,MakeCohortVcf
ResolveComplexVariants_SubsetInversions,ResolveComplexVariants,SubsetInversions,10,MakeCohortVcf
ResolveComplexVariants_BreakpointOverlap,ResolveComplexVariants,BreakpointOverlap,10,MakeCohortVcf
ResolveComplexSv_ShardVcfCpx,ResolveComplexSv,ShardVcfCpx,10,MakeCohortVcf
ResolveComplexSv_ShardVids,ResolveComplexSv,ShardVids,10,MakeCohortVcf
ResolveComplexSv_GetSeCutoff,ResolveComplexSv,GetSeCutoff,10,MakeCohortVcf
ResolveComplexSv_ResolvePrep,ResolveComplexSv,ResolvePrep,10,MakeCohortVcf
ResolveComplexSv_SvtkResolve,ResolveComplexSv,SvtkResolve,10,MakeCohortVcf
ResolveComplexSv_MergeResolve,ResolveComplexSv,MergeResolve,10,MakeCohortVcf
ResolveComplexSv_RestoreUnresolvedCnvPerShard,ResolveComplexSv,RestoreUnresolvedCnvPerShard,10,MakeCohortVcf
ResolveComplexSv_ConcatResolvedPerShard,ResolveComplexSv,ConcatResolvedPerShard,10,MakeCohortVcf
ResolveComplexVariants_IntegrateResolvedVcfs,ResolveComplexVariants,IntegrateResolvedVcfs,10,MakeCohortVcf
ResolveComplexVariants_RenameVariants,ResolveComplexVariants,RenameVariants,10,MakeCohortVcf
ResolveComplexVariants_UpdateBothsidePass,ResolveComplexVariants,UpdateBothsidePass,10,MakeCohortVcf
ResolveComplexVariants_UpdateBackgroundFail,ResolveComplexVariants,UpdateBackgroundFail,10,MakeCohortVcf
GenotypeComplexVariants_GetSampleIdsFromVcf,GenotypeComplexVariants,GetSampleIdsFromVcf,10,MakeCohortVcf
GenotypeComplexVariants_SubsetPedFile,GenotypeComplexVariants,SubsetPedFile,10,MakeCohortVcf
ScatterCpxGenotyping_SplitVcfToGenotype,ScatterCpxGenotyping,SplitVcfToGenotype,10,MakeCohortVcf
GenotypeCpxCnvs_GetCpxCnvIntervals,GenotypeCpxCnvs,GetCpxCnvIntervals,10,MakeCohortVcf
GenotypeCpxCnvsPerBatch_GetSampleIdsFromMedianCoverageFile,GenotypeCpxCnvsPerBatch,GetSampleIdsFromMedianCoverageFile,10,MakeCohortVcf
GenotypeCpxCnvsPerBatch_SplitBedBySize,GenotypeCpxCnvsPerBatch,SplitBedBySize,10,MakeCohortVcf
GenotypeCpxCnvsPerBatch_RdGenotype,GenotypeCpxCnvsPerBatch,RdGenotype,10,MakeCohortVcf
GenotypeCpxCnvsPerBatch_ConcatMeltedGenotypes,GenotypeCpxCnvsPerBatch,ConcatMeltedGenotypes,10,MakeCohortVcf
GenotypeCpxCnvs_MergeMeltedGts,GenotypeCpxCnvs,MergeMeltedGts,10,MakeCohortVcf
GenotypeCpxCnvs_ParseGenotypes,GenotypeCpxCnvs,ParseGenotypes,10,MakeCohortVcf
ScatterCpxGenotyping_ConcatCpxCnvVcfs,ScatterCpxGenotyping,ConcatCpxCnvVcfs,10,MakeCohortVcf
CleanVcfChromosome_SplitVcfToClean,CleanVcfChromosome,SplitVcfToClean,10,MakeCohortVcf
CleanVcf1_CleanVcf1_1,CleanVcf1,CleanVcf1_1,10,MakeCohortVcf
CleanVcf1_CreateEmptyFile,CleanVcf1,CreateEmptyFile,10,MakeCohortVcf
CleanVcf1_CleanVcf1_2,CleanVcf1,CleanVcf1_2,10,MakeCohortVcf
CleanVcf1_CleanVcf1_3,CleanVcf1,CleanVcf1_3,10,MakeCohortVcf
CleanVcf1_CleanVcf1_4,CleanVcf1,CleanVcf1_4,10,MakeCohortVcf
CleanVcf1_CleanVcf1_5,CleanVcf1,CleanVcf1_5,10,MakeCohortVcf
CleanVcf1_CleanVcf1_26,CleanVcf1,CleanVcf1_26,10,MakeCohortVcf
CleanVcf1_CleanVcf1_6,CleanVcf1,CleanVcf1_6,10,MakeCohortVcf
CleanVcf1_CleanVcf1_27,CleanVcf1,CleanVcf1_27,10,MakeCohortVcf
CleanVcf1_CleanVcf1_14,CleanVcf1,CleanVcf1_14,10,MakeCohortVcf
CleanVcf1_CleanVcf1_7,CleanVcf1,CleanVcf1_7,10,MakeCohortVcf
CleanVcf1_CleanVcf1_8,CleanVcf1,CleanVcf1_8,10,MakeCohortVcf
CleanVcf1_CleanVcf1_13,CleanVcf1,CleanVcf1_13,10,MakeCohortVcf
CleanVcfChromosome_SplitIncludeList,CleanVcfChromosome,SplitIncludeList,10,MakeCohortVcf
CleanVcfChromosome_CombineStep1SexChrRevisions,CleanVcfChromosome,CombineStep1SexChrRevisions,10,MakeCohortVcf
CleanVcfChromosome_CombineStep1Vcfs,CleanVcfChromosome,CombineStep1Vcfs,10,MakeCohortVcf
CleanVcf1_CleanVcf1_18,CleanVcf1,CleanVcf1_18,10,MakeCohortVcf
CleanVcf1_CleanVcf1_9,CleanVcf1,CleanVcf1_9,10,MakeCohortVcf
CleanVcf1_CleanVcf1_10,CleanVcf1,CleanVcf1_10,10,MakeCohortVcf
CleanVcf1b_CleanVcf1b_1,CleanVcf1b,CleanVcf1b_1,10,MakeCohortVcf
CleanVcf1_CleanVcf1_19,CleanVcf1,CleanVcf1_19,10,MakeCohortVcf
CleanVcf1_CleanVcf1_11,CleanVcf1,CleanVcf1_11,10,MakeCohortVcf
CleanVcf1b_CleanVcf1b_2,CleanVcf1b,CleanVcf1b_2,10,MakeCohortVcf
CleanVcf1_CleanVcf1_12,CleanVcf1,CleanVcf1_12,10,MakeCohortVcf
CleanVcf1b_CleanVcf1b_5,CleanVcf1b,CleanVcf1b_5,10,MakeCohortVcf
CleanVcf1b_CleanVcf1b_3,CleanVcf1b,CleanVcf1b_3,10,MakeCohortVcf
CleanVcf1b_CleanVcf1b_4,CleanVcf1b,CleanVcf1b_4,10,MakeCohortVcf
CleanVcf1b_CleanVcf1b_6,CleanVcf1b,CleanVcf1b_6,10,MakeCohortVcf
CleanVcf1b_CleanVcf1b_7,CleanVcf1b,CleanVcf1b_7,10,MakeCohortVcf
CleanVcf1_CleanVcf1_16,CleanVcf1,CleanVcf1_16,10,MakeCohortVcf
CleanVcf1_CleanVcf1_15,CleanVcf1,CleanVcf1_15,10,MakeCohortVcf
CleanVcf1b_CleanVcf1b_8,CleanVcf1b,CleanVcf1b_8,10,MakeCohortVcf
CleanVcf1_CleanVcf1_17,CleanVcf1,CleanVcf1_17,10,MakeCohortVcf
CleanVcf1b_CleanVcf1b_9,CleanVcf1b,CleanVcf1b_9,10,MakeCohortVcf
CleanVcf1_CleanVcf1_24,CleanVcf1,CleanVcf1_24,10,MakeCohortVcf
CleanVcf1b_CleanVcf1b_10,CleanVcf1b,CleanVcf1b_10,10,MakeCohortVcf
CleanVcf1_CleanVcf1_25,CleanVcf1,CleanVcf1_25,10,MakeCohortVcf
CleanVcf1b_CleanVcf1b_11,CleanVcf1b,CleanVcf1b_11,10,MakeCohortVcf
CleanVcf1b_CleanVcf1b_12,CleanVcf1b,CleanVcf1b_12,10,MakeCohortVcf
CleanVcf1b_CleanVcf1b_13,CleanVcf1b,CleanVcf1b_13,10,MakeCohortVcf
CleanVcfChromosome_CleanVcf2,CleanVcfChromosome,CleanVcf2,10,MakeCohortVcf
CleanVcfChromosome_CombineCleanVcf2,CleanVcfChromosome,CombineCleanVcf2,10,MakeCohortVcf
CleanVcfChromosome_CleanVcf3,CleanVcfChromosome,CleanVcf3,10,MakeCohortVcf
CleanVcfChromosome_CleanVcf4,CleanVcfChromosome,CleanVcf4,10,MakeCohortVcf
CleanVcfChromosome_CombineRevised4,CleanVcfChromosome,CombineRevised4,10,MakeCohortVcf
CleanVcfChromosome_CombineMultiIds4,CleanVcfChromosome,CombineMultiIds4,10,MakeCohortVcf
CleanVcf5_CleanVcf5_1,CleanVcf5,CleanVcf5_1,10,MakeCohortVcf
CleanVcf5_CleanVcf5_2,CleanVcf5,CleanVcf5_2,10,MakeCohortVcf
CleanVcf5_CleanVcf5_4,CleanVcf5,CleanVcf5_4,10,MakeCohortVcf
CleanVcf5_CleanVcf5_3,CleanVcf5,CleanVcf5_3,10,MakeCohortVcf
CleanVcf5_CleanVcf5_9,CleanVcf5,CleanVcf5_9,10,MakeCohortVcf
CleanVcf5_CleanVcf5_6,CleanVcf5,CleanVcf5_6,10,MakeCohortVcf
CleanVcf5_CleanVcf5_5,CleanVcf5,CleanVcf5_5,10,MakeCohortVcf
CleanVcf5_CleanVcf5_7,CleanVcf5,CleanVcf5_7,10,MakeCohortVcf
CleanVcf5_CleanVcf5_11,CleanVcf5,CleanVcf5_11,10,MakeCohortVcf
CleanVcf5_CleanVcf5_8,CleanVcf5,CleanVcf5_8,10,MakeCohortVcf
CleanVcf5_CleanVcf5_13,CleanVcf5,CleanVcf5_13,10,MakeCohortVcf
CleanVcf5_CleanVcf5_10,CleanVcf5,CleanVcf5_10,10,MakeCohortVcf
CleanVcf5_CleanVcf5_15,CleanVcf5,CleanVcf5_15,10,MakeCohortVcf
CleanVcf5_CleanVcf5_12,CleanVcf5,CleanVcf5_12,10,MakeCohortVcf
CleanVcf5_CleanVcf5_16,CleanVcf5,CleanVcf5_16,10,MakeCohortVcf
CleanVcf5_CleanVcf5_14,CleanVcf5,CleanVcf5_14,10,MakeCohortVcf
CleanVcf5_CleanVcf5_17,CleanVcf5,CleanVcf5_17,10,MakeCohortVcf
CleanVcf5_CleanVcf5_18,CleanVcf5,CleanVcf5_18,10,MakeCohortVcf
CleanVcf5_CleanVcf5_19,CleanVcf5,CleanVcf5_19,10,MakeCohortVcf
CleanVcf5_CleanVcf5_23,CleanVcf5,CleanVcf5_23,10,MakeCohortVcf
CleanVcf5_CleanVcf5_20,CleanVcf5,CleanVcf5_20,10,MakeCohortVcf
CleanVcf5_CleanVcf5_24,CleanVcf5,CleanVcf5_24,10,MakeCohortVcf
CleanVcf5_CleanVcf5_21,CleanVcf5,CleanVcf5_21,10,MakeCohortVcf
CleanVcf5_CleanVcf5_25,CleanVcf5,CleanVcf5_25,10,MakeCohortVcf
CleanVcf5_CleanVcf5_22,CleanVcf5,CleanVcf5_22,10,MakeCohortVcf
CleanVcf5_CleanVcf5_27,CleanVcf5,CleanVcf5_27,10,MakeCohortVcf
CleanVcf5_CleanVcf5_26,CleanVcf5,CleanVcf5_26,10,MakeCohortVcf
CleanVcf5_CleanVcf5_28,CleanVcf5,CleanVcf5_28,10,MakeCohortVcf
CleanVcf5_CleanVcf5_30,CleanVcf5,CleanVcf5_30,10,MakeCohortVcf
CleanVcf5_CleanVcf5_31,CleanVcf5,CleanVcf5_31,10,MakeCohortVcf
DropRedundantCNVs_DropRedundantCNVs_1,DropRedundantCNVs,DropRedundantCNVs_1,10,MakeCohortVcf
DropRedundantCNVs_DropRedundantCNVs_2,DropRedundantCNVs,DropRedundantCNVs_2,10,MakeCohortVcf
DropRedundantCNVs_DropRedundantCNVs_3,DropRedundantCNVs,DropRedundantCNVs_3,10,MakeCohortVcf
DropRedundantCNVs_DropRedundantCNVs_4,DropRedundantCNVs,DropRedundantCNVs_4,10,MakeCohortVcf
DropRedundantCNVs_DropRedundantCNVs_5,DropRedundantCNVs,DropRedundantCNVs_5,10,MakeCohortVcf
DropRedundantCNVs_DropRedundantCNVs_6,DropRedundantCNVs,DropRedundantCNVs_6,10,MakeCohortVcf
CleanVcfChromosome_StitchFragmentedCnvs,CleanVcfChromosome,StitchFragmentedCnvs,10,MakeCohortVcf
CleanVcfChromosome_FinalCleanup,CleanVcfChromosome,FinalCleanup,10,MakeCohortVcf
CleanVcf5_CleanVcf5_29_TRUE_1,CleanVcf5,CleanVcf5_29_TRUE_1,10,MakeCohortVcf
CleanVcf5_CleanVcf5_29_TRUE_2,CleanVcf5,CleanVcf5_29_TRUE_2,10,MakeCohortVcf
CleanVcf5_CleanVcf5_29_TRUE_3,CleanVcf5,CleanVcf5_29_TRUE_3,10,MakeCohortVcf
CleanVcf_ConcatCleanedVcfs,CleanVcf,ConcatCleanedVcfs,10,MakeCohortVcf
MakeCohortVcfMetrics_GetSampleIdsFromVcf,MakeCohortVcfMetrics,GetSampleIdsFromVcf,10,MakeCohortVcf
MakeCohortVcfMetrics_CleanedMetrics,MakeCohortVcfMetrics,CleanedMetrics,10,MakeCohortVcf
MakeCohortVcfMetrics_CatMetrics,MakeCohortVcfMetrics,CatMetrics,10,MakeCohortVcf
CombineBatches_CountSamples,CombineBatches,CountSamples,10,MakeCohortVcf
CombineSRBothsidePass_GetNonRefVariantLists,CombineSRBothsidePass,GetNonRefVariantLists,10,MakeCohortVcf
CombineSRBothsidePass_CalculateBothsideSupportFraction,CombineSRBothsidePass,CalculateBothsideSupportFraction,10,MakeCohortVcf
ShardedCluster_MakeSitesOnlyVcf,ShardedCluster,MakeSitesOnlyVcf,10,MakeCohortVcf
ShardedCluster_ShardVidsForClustering,ShardedCluster,ShardVidsForClustering,10,MakeCohortVcf
CombineBatches_ConcatPesrSitesOnly,CombineBatches,ConcatPesrSitesOnly,10,MakeCohortVcf
HarmonizeHeaders_PullHeader,HarmonizeHeaders,PullHeader,10,MakeCohortVcf
HarmonizeHeaders_ReheaderVcf,HarmonizeHeaders,ReheaderVcf,10,MakeCohortVcf
MergePesrDepth_SubsetLarge,MergePesrDepth,SubsetLarge,10,MakeCohortVcf
MergePesrDepth_SubsetSmall,MergePesrDepth,SubsetSmall,10,MakeCohortVcf
MergePesrDepth_ConcatLargePesrDepth,MergePesrDepth,ConcatLargePesrDepth,10,MakeCohortVcf
MergePesrDepth_MakeSitesOnlyVcf,MergePesrDepth,MakeSitesOnlyVcf,10,MakeCohortVcf
MergePesrDepth_ShardClusters,MergePesrDepth,ShardClusters,10,MakeCohortVcf
MergePesrDepth_ShardVidsForClustering,MergePesrDepth,ShardVidsForClustering,10,MakeCohortVcf
MergePesrDepth_PullVcfShard,MergePesrDepth,PullVcfShard,10,MakeCohortVcf
MergePesrDepth_MergePesrDepthShard,MergePesrDepth,MergePesrDepthShard,10,MakeCohortVcf
MergePesrDepth_SortVcf,MergePesrDepth,SortVcf,10,MakeCohortVcf
MergePesrDepth_ConcatShards,MergePesrDepth,ConcatShards,10,MakeCohortVcf
ResolveComplexSv_ShardVidsForClustering,ResolveComplexSv,ShardVidsForClustering,10,MakeCohortVcf
ResolveComplexSv_PullVcfShard,ResolveComplexSv,PullVcfShard,10,MakeCohortVcf
ResolveComplexSv_RestoreUnresolvedCnv,ResolveComplexSv,RestoreUnresolvedCnv,10,MakeCohortVcf
CleanVcfChromosome_CleanVcf1a,CleanVcfChromosome,CleanVcf1a,10,MakeCohortVcf
CleanVcf1b_ScatterVcf,CleanVcf1b,ScatterVcf,10,MakeCohortVcf
CleanVcf1b_SubsetLargeCNVs,CleanVcf1b,SubsetLargeCNVs,10,MakeCohortVcf
CleanVcf1b_Vcf2Bed,CleanVcf1b,Vcf2Bed,10,MakeCohortVcf
CleanVcf1b_SortBed,CleanVcf1b,SortBed,10,MakeCohortVcf
CleanVcf1b_BedtoolsIntersect,CleanVcf1b,BedtoolsIntersect,10,MakeCohortVcf
CleanVcf1b_BuildGenoNormalReviseDictionary,CleanVcf1b,BuildGenoNormalReviseDictionary,10,MakeCohortVcf
CleanVcf1b_FilterVcf,CleanVcf1b,FilterVcf,10,MakeCohortVcf
CleanVcf1b_ConcatMultiCnvs,CleanVcf1b,ConcatMultiCnvs,10,MakeCohortVcf
CleanVcf1b_ConcatCleanVcf1bShards,CleanVcf1b,ConcatCleanVcf1bShards,10,MakeCohortVcf
CleanVcf5_ScatterVcf,CleanVcf5,ScatterVcf,10,MakeCohortVcf
CleanVcf5_MakeCleanGQ,CleanVcf5,MakeCleanGQ,10,MakeCohortVcf
CleanVcf5_FindRedundantMultiallelics,CleanVcf5,FindRedundantMultiallelics,10,MakeCohortVcf
CleanVcf5_Polish,CleanVcf5,Polish,10,MakeCohortVcf
CleanVcfChromosome_DropRedundantCnvs,CleanVcfChromosome,DropRedundantCnvs,10,MakeCohortVcf
CleanVcfChromosome_SortDropRedundantCnvs,CleanVcfChromosome,SortDropRedundantCnvs,10,MakeCohortVcf
ShardedQcCollection_SplitVcfToQc,ShardedQcCollection,SplitVcfToQc,11,BatchQC
ShardedQcCollection_SvtkVcf2bed,ShardedQcCollection,SvtkVcf2bed,11,BatchQC
ShardedQcCollection_CollectShardedVcfStats,ShardedQcCollection,CollectShardedVcfStats,11,BatchQC
ShardedQcCollection_MergeSvtkVcf2bed,ShardedQcCollection,MergeSvtkVcf2bed,11,BatchQC
ShardedQcCollection_MergeSubvcfStatShards,ShardedQcCollection,MergeSubvcfStatShards,11,BatchQC
MasterVcfQc_MergeVcfwideStatShards,MasterVcfQc,MergeVcfwideStatShards,11,BatchQC
MasterVcfQc_MergeVcf2Bed,MasterVcfQc,MergeVcf2Bed,11,BatchQC
CollectQcPerSample_SplitSamplesList,CollectQcPerSample,SplitSamplesList,11,BatchQC
CollectQcPerSample_CollectVidsPerSample,CollectQcPerSample,CollectVidsPerSample,11,BatchQC
MasterVcfQc_PlotQcVcfWide,MasterVcfQc,PlotQcVcfWide,11,BatchQC
CollectQcPerSample_TarShardVidLists,CollectQcPerSample,TarShardVidLists,11,BatchQC
MasterVcfQc_PlotQcPerFamily,MasterVcfQc,PlotQcPerFamily,11,BatchQC
MasterVcfQc_PlotQcPerSample,MasterVcfQc,PlotQcPerSample,11,BatchQC
MasterVcfQc_SanitizeOutputs,MasterVcfQc,SanitizeOutputs,11,BatchQC
GATKSVPipelineBatch_CatBatchMetrics,GATKSVPipelineBatch,CatBatchMetrics,11,BatchQC
MasterVcfQc_ThousandGBenchmark,MasterVcfQc,ThousandGBenchmark,11,BatchQC
MasterVcfQc_ThousandGPlot,MasterVcfQc,ThousandGPlot,11,BatchQC
GATKSVPipelineBatch_BatchQC,GATKSVPipelineBatch,BatchQC,11,BatchQC